image_id,folder,raw_response,sanitized
PXL_20220922_182823421.jpg,MST1,,UNCLEAR_RESPONSE: ...
PXL_20220922_182827542.jpg,MST1,MST1,MST1
PXL_20220922_182818299.jpg,MST1,MST1,MST1
PXL_20220922_182821960.jpg,MST1,,UNCLEAR_RESPONSE: ...
PXL_20220922_182820039.jpg,MST1,,UNCLEAR_RESPONSE: ...
PXL_20220922_182816244.jpg,MST1,,UNCLEAR_RESPONSE: ...
PXL_20220922_182727968.jpg,MST1,,UNCLEAR_RESPONSE: ...
PXL_20220922_182730001.jpg,MST1,,UNCLEAR_RESPONSE: ...
PXL_20220922_182838794.jpg,MST1,,UNCLEAR_RESPONSE: ...
PXL_20220922_182836446.jpg,MST1,MST1,MST1
PXL_20220922_182846104.jpg,MST1,,UNCLEAR_RESPONSE: ...
PXL_20220922_182843801.jpg,MST1,MST1,MST1
PXL_20220922_183044451.jpg,MST1,,UNCLEAR_RESPONSE: ...
PXL_20220922_183041910.jpg,MST1,MST1,MST1
PXL_20220922_183046058.jpg,MST1,,UNCLEAR_RESPONSE: ...
PXL_20220922_183047955.jpg,MST1,,UNCLEAR_RESPONSE: ...
PXL_20220922_183050690.jpg,MST1,,UNCLEAR_RESPONSE: ...
PXL_20220922_183054615.jpg,MST1,,UNCLEAR_RESPONSE: ...
PXL_20220922_183052857.jpg,MST1,MST1,MST1
PXL_20220922_183056227.jpg,MST1,,UNCLEAR_RESPONSE: ...
PXL_20220922_183057897.jpg,MST1,,UNCLEAR_RESPONSE: ...
PXL_20220922_183059733.jpg,MST1,,UNCLEAR_RESPONSE: ...
PXL_20220922_183125041.jpg,MST1,MST1,MST1
PXL_20220922_183126312.jpg,MST1,,UNCLEAR_RESPONSE: ...
PXL_20220922_183127653.jpg,MST1,,UNCLEAR_RESPONSE: ...
PXL_20220922_183129130.jpg,MST1,,UNCLEAR_RESPONSE: ...
PXL_20220922_183136584.jpg,MST1,,UNCLEAR_RESPONSE: ...
PXL_20220922_183130795.jpg,MST1,,UNCLEAR_RESPONSE: ...
PXL_20220922_183138108.jpg,MST1,,UNCLEAR_RESPONSE: ...
PXL_20220922_183140964.jpg,MST1,,UNCLEAR_RESPONSE: ...
PXL_20220922_183139502.jpg,MST1,MST1,MST1
PXL_20220922_183301497.jpg,MST1,,UNCLEAR_RESPONSE: ...
PXL_20220922_183302961.jpg,MST1,,UNCLEAR_RESPONSE: ...
PXL_20220922_183304378.jpg,MST1,,UNCLEAR_RESPONSE: ...
PXL_20220922_183305849.jpg,MST1,,UNCLEAR_RESPONSE: ...
PXL_20220922_183315539.jpg,MST1,,UNCLEAR_RESPONSE: ...
PXL_20220922_183317218.jpg,MST1,MST1,MST1
PXL_20220922_183318443.jpg,MST1,MST1,MST1
PXL_20220922_183319912.jpg,MST1,,UNCLEAR_RESPONSE: ...
PXL_20220922_183322816.jpg,MST1,,UNCLEAR_RESPONSE: ...
PXL_20220922_183321028.jpg,MST1,MST1,MST1
PXL_20220922_183448133.jpg,MST1,MST1,MST1
PXL_20220922_183449581.jpg,MST1,,UNCLEAR_RESPONSE: ...
PXL_20220922_183450974.jpg,MST1,,UNCLEAR_RESPONSE: ...
PXL_20220922_183452246.jpg,MST1,!!!,UNCLEAR_RESPONSE: !!!...
PXL_20220922_183456183.jpg,MST1,,UNCLEAR_RESPONSE: ...
PXL_20220922_183453555.jpg,MST1,,UNCLEAR_RESPONSE: ...
PXL_20220922_183457367.jpg,MST1,,UNCLEAR_RESPONSE: ...
PXL_20220922_183458519.jpg,MST1,MST1,MST1
PXL_20220922_183459786.jpg,MST1,MST1,MST1
PXL_20220922_183500918.jpg,MST1,MST1,MST1
PXL_20220922_183506625.jpg,MST1,,UNCLEAR_RESPONSE: ...
PXL_20220922_183507645.jpg,MST1,,UNCLEAR_RESPONSE: ...
PXL_20220922_183508755.jpg,MST1,,UNCLEAR_RESPONSE: ...
PXL_20220922_183510004.jpg,MST1,,UNCLEAR_RESPONSE: ...
PXL_20220922_183511299.jpg,MST1,,UNCLEAR_RESPONSE: ...
PXL_20220922_183517768.jpg,MST1,,UNCLEAR_RESPONSE: ...
PXL_20220922_183518814.jpg,MST1,,UNCLEAR_RESPONSE: ...
PXL_20220922_183521096.jpg,MST1,,UNCLEAR_RESPONSE: ...
PXL_20220922_183519975.jpg,MST1,,UNCLEAR_RESPONSE: ...
PXL_20220922_183523486.jpg,MST1,,UNCLEAR_RESPONSE: ...
PXL_20220922_183522236.jpg,MST1,MST1,MST1
PXL_20220922_183530266.jpg,MST1,MST1,MST1
PXL_20220922_183609632.PORTRAIT.jpg,MST1,MST1,MST1
PXL_20220922_183614881.PORTRAIT.jpg,MST1,!!!,UNCLEAR_RESPONSE: !!!...
PXL_20220922_183613264.PORTRAIT.jpg,MST1,1,MST1
PXL_20220922_183616200.PORTRAIT.jpg,MST1,,UNCLEAR_RESPONSE: ...
PXL_20220922_183617300.PORTRAIT.jpg,MST1,????,UNCLEAR_RESPONSE: ????...
PXL_20220922_183620053.PORTRAIT.jpg,MST1,,UNCLEAR_RESPONSE: ...
PXL_20220922_183621991.PORTRAIT.jpg,MST1,,UNCLEAR_RESPONSE: ...
PXL_20220922_183636542.PORTRAIT.jpg,MST1,,UNCLEAR_RESPONSE: ...
PXL_20220922_183627117.PORTRAIT.jpg,MST1,MST1,MST1
PXL_20220922_183634690.PORTRAIT.jpg,MST1,MST1,MST1
PXL_20220922_183638393.PORTRAIT.jpg,MST1,MST1,MST1
PXL_20220922_183639710.PORTRAIT.jpg,MST1,MST1,MST1
PXL_20220922_175355467.jpg,MST10,,UNCLEAR_RESPONSE: ...
PXL_20220922_183640936.PORTRAIT.jpg,MST1,MST1,MST1
PXL_20220922_175356974.jpg,MST10,,UNCLEAR_RESPONSE: ...
PXL_20220922_175359002.jpg,MST10,,UNCLEAR_RESPONSE: ...
PXL_20220922_175408667.jpg,MST10,,UNCLEAR_RESPONSE: ...
PXL_20220922_175410892.jpg,MST10,,UNCLEAR_RESPONSE: ...
PXL_20220922_175412551.jpg,MST10,,UNCLEAR_RESPONSE: ...
PXL_20220922_175414428.jpg,MST10,,UNCLEAR_RESPONSE: ...
PXL_20220922_175416521.jpg,MST10,,UNCLEAR_RESPONSE: ...
PXL_20220922_175554301.jpg,MST10,,UNCLEAR_RESPONSE: ...
PXL_20220922_175608493.jpg,MST10,,UNCLEAR_RESPONSE: ...
PXL_20220922_175601727.jpg,MST10,------------,UNCLEAR_RESPONSE: ------------...
PXL_20220922_175613080.jpg,MST10,,UNCLEAR_RESPONSE: ...
PXL_20220922_175617676.jpg,MST10,,UNCLEAR_RESPONSE: ...
PXL_20220922_175620994.jpg,MST10,,UNCLEAR_RESPONSE: ...
PXL_20220922_175705794.jpg,MST10,,UNCLEAR_RESPONSE: ...
PXL_20220922_175703876.jpg,MST10,MST1,MST1
PXL_20220922_175710848.jpg,MST10,,UNCLEAR_RESPONSE: ...
PXL_20220922_175707910.jpg,MST10,MST1,MST1
PXL_20220922_175712230.jpg,MST10,,UNCLEAR_RESPONSE: ...
PXL_20220922_175709463.jpg,MST10,MST1,MST1
PXL_20220922_175713987.jpg,MST10,MST1,MST1
PXL_20220922_175715255.jpg,MST10,MST2,MST2
PXL_20220922_175717675.jpg,MST10,,UNCLEAR_RESPONSE: ...
PXL_20220922_175716367.jpg,MST10,7,MST7
PXL_20220922_175718926.jpg,MST10,,UNCLEAR_RESPONSE: ...
PXL_20220922_175722948.jpg,MST10,,UNCLEAR_RESPONSE: ...
PXL_20220922_175724422.jpg,MST10,,UNCLEAR_RESPONSE: ...
PXL_20220922_175725538.jpg,MST10,,UNCLEAR_RESPONSE: ...
PXL_20220922_175726916.jpg,MST10,!!!,UNCLEAR_RESPONSE: !!!...
PXL_20220922_175728401.jpg,MST10,,UNCLEAR_RESPONSE: ...
PXL_20220922_175733830.jpg,MST10,,UNCLEAR_RESPONSE: ...
PXL_20220922_175732630.jpg,MST10,?????,UNCLEAR_RESPONSE: ?????...
PXL_20220922_175735218.jpg,MST10,MST1,MST1
PXL_20220922_175736529.jpg,MST10,,UNCLEAR_RESPONSE: ...
PXL_20220922_175737649.jpg,MST10,,UNCLEAR_RESPONSE: ...
PXL_20220922_175816268.jpg,MST10,,UNCLEAR_RESPONSE: ...
PXL_20220922_175827000.jpg,MST10,MST1,MST1
PXL_20220922_175830391.jpg,MST10,,UNCLEAR_RESPONSE: ...
PXL_20220922_175834037.jpg,MST10,--------------,UNCLEAR_RESPONSE: --------------...
PXL_20220922_175837877.jpg,MST10,MST1,MST1
PXL_20220922_175839844.jpg,MST10,,UNCLEAR_RESPONSE: ...
PXL_20220922_175843515.jpg,MST10,,UNCLEAR_RESPONSE: ...
PXL_20220922_175841186.jpg,MST10,MST1,MST1
PXL_20220922_175844972.jpg,MST10,,UNCLEAR_RESPONSE: ...
PXL_20220922_175846375.jpg,MST10,MST1,MST1
PXL_20220922_175848809.jpg,MST10,,UNCLEAR_RESPONSE: ...
PXL_20220922_175851796.jpg,MST10,,UNCLEAR_RESPONSE: ...
PXL_20220922_175856539.jpg,MST10,,UNCLEAR_RESPONSE: ...
PXL_20220922_175858636.jpg,MST10,,UNCLEAR_RESPONSE: ...
PXL_20220922_175900468.jpg,MST10,,UNCLEAR_RESPONSE: ...
PXL_20220922_175906610.jpg,MST10,!!!,UNCLEAR_RESPONSE: !!!...
PXL_20220922_175911736.jpg,MST10,,UNCLEAR_RESPONSE: ...
PXL_20220922_175919159.jpg,MST10,,UNCLEAR_RESPONSE: ...
PXL_20220922_175922739.jpg,MST10,,UNCLEAR_RESPONSE: ...
PXL_20220922_175928064.jpg,MST10,,UNCLEAR_RESPONSE: ...
PXL_20220922_175929773.jpg,MST10,,UNCLEAR_RESPONSE: ...
PXL_20220922_175934881.jpg,MST10,,UNCLEAR_RESPONSE: ...
PXL_20220922_175937878.jpg,MST10,,UNCLEAR_RESPONSE: ...
PXL_20220922_180303876.jpg,MST10,,UNCLEAR_RESPONSE: ...
PXL_20220922_175931440.jpg,MST10,MST1,MST1
PXL_20220922_180306458.jpg,MST10,,UNCLEAR_RESPONSE: ...
PXL_20220922_180307812.jpg,MST10,,UNCLEAR_RESPONSE: ...
PXL_20220922_180309530.jpg,MST10,,UNCLEAR_RESPONSE: ...
PXL_20220922_180311261.jpg,MST10,,UNCLEAR_RESPONSE: ...
PXL_20220922_180314441.jpg,MST10,,UNCLEAR_RESPONSE: ...
PXL_20220922_180349385.jpg,MST10,,UNCLEAR_RESPONSE: ...
PXL_20220922_180351165.jpg,MST10,,UNCLEAR_RESPONSE: ...
PXL_20220922_180354606.jpg,MST10,,UNCLEAR_RESPONSE: ...
PXL_20220922_180352904.jpg,MST10,,UNCLEAR_RESPONSE: ...
PXL_20220922_180356379.jpg,MST10,MST1,MST1
PXL_20220922_180357914.jpg,MST10,MST1,MST1
PXL_20220922_180359528.jpg,MST10,MST1,MST1
PXL_20220922_180401189.jpg,MST10,,UNCLEAR_RESPONSE: ...
PXL_20220922_180402602.jpg,MST10,,UNCLEAR_RESPONSE: ...
PXL_20220922_180404243.jpg,MST10,,UNCLEAR_RESPONSE: ...
PXL_20220922_140447635.PORTRAIT.jpg,MST2,,UNCLEAR_RESPONSE: ...
PXL_20220922_180405910.jpg,MST10,MST1,MST1
PXL_20220922_140605730.PORTRAIT.jpg,MST2,,UNCLEAR_RESPONSE: ...
PXL_20220922_140610185.PORTRAIT.jpg,MST2,!!!,UNCLEAR_RESPONSE: !!!...
PXL_20220922_140612466.PORTRAIT.jpg,MST2,,UNCLEAR_RESPONSE: ...
PXL_20220922_140616754.PORTRAIT.jpg,MST2,,UNCLEAR_RESPONSE: ...
PXL_20220922_140619957.PORTRAIT.jpg,MST2,,UNCLEAR_RESPONSE: ...
PXL_20220922_140630454.PORTRAIT.jpg,MST2,,UNCLEAR_RESPONSE: ...
PXL_20220922_140628854.PORTRAIT.jpg,MST2,1,MST1
PXL_20220922_140642650.PORTRAIT.jpg,MST2,!!!,UNCLEAR_RESPONSE: !!!...
PXL_20220922_140644738.PORTRAIT.jpg,MST2,,UNCLEAR_RESPONSE: ...
PXL_20220922_140633904.PORTRAIT.jpg,MST2,MST1,MST1
PXL_20220922_140653888.PORTRAIT.jpg,MST2,,UNCLEAR_RESPONSE: ...
PXL_20220922_140655381.PORTRAIT.jpg,MST2,MST1,MST1
PXL_20220922_140656981.PORTRAIT.jpg,MST2,7,MST7
PXL_20220922_140658431.PORTRAIT.jpg,MST2,,UNCLEAR_RESPONSE: ...
PXL_20220922_140702450.PORTRAIT.jpg,MST2,,UNCLEAR_RESPONSE: ...
PXL_20220922_140951373.jpg,MST2,,UNCLEAR_RESPONSE: ...
PXL_20220922_140956208.jpg,MST2,,UNCLEAR_RESPONSE: ...
PXL_20220922_140954309.jpg,MST2,MST1,MST1
PXL_20220922_140958425.jpg,MST2,MST1,MST1
PXL_20220922_141002299.jpg,MST2,,UNCLEAR_RESPONSE: ...
PXL_20220922_141000414.jpg,MST2,,UNCLEAR_RESPONSE: ...
PXL_20220922_141013772.jpg,MST2,MST1,MST1
PXL_20220922_141016189.jpg,MST2,MST1,MST1
PXL_20220922_141017374.jpg,MST2,,UNCLEAR_RESPONSE: ...
PXL_20220922_141021258.jpg,MST2,ious,UNCLEAR_RESPONSE: ious...
PXL_20220922_141022389.jpg,MST2,,UNCLEAR_RESPONSE: ...
PXL_20220922_141024171.jpg,MST2,,UNCLEAR_RESPONSE: ...
PXL_20220922_141029313.jpg,MST2,,UNCLEAR_RESPONSE: ...
PXL_20220922_141031824.jpg,MST2,,UNCLEAR_RESPONSE: ...
PXL_20220922_141033915.jpg,MST2,MST1,MST1
PXL_20220922_141038995.jpg,MST2,,UNCLEAR_RESPONSE: ...
PXL_20220922_141040848.jpg,MST2,MST1,MST1
PXL_20220922_141123871.jpg,MST2,,UNCLEAR_RESPONSE: ...
PXL_20220922_141129747.jpg,MST2,,UNCLEAR_RESPONSE: ...
PXL_20220922_141131847.jpg,MST2,MST1,MST1
PXL_20220922_141135379.jpg,MST2,,UNCLEAR_RESPONSE: ...
PXL_20220922_141133646.jpg,MST2,MST1,MST1
PXL_20220922_141137133.jpg,MST2,,UNCLEAR_RESPONSE: ...
PXL_20220922_141142245.jpg,MST2,,UNCLEAR_RESPONSE: ...
PXL_20220922_141145430.jpg,MST2,,UNCLEAR_RESPONSE: ...
PXL_20220922_141143935.jpg,MST2,MST1,MST1
PXL_20220922_141146749.jpg,MST2,MST1,MST1
PXL_20220922_141152732.jpg,MST2,MST1,MST1
PXL_20220922_141148032.jpg,MST2,,UNCLEAR_RESPONSE: ...
PXL_20220922_141155806.jpg,MST2,,UNCLEAR_RESPONSE: ...
PXL_20220922_141154318.jpg,MST2,,UNCLEAR_RESPONSE: ...
PXL_20220922_141157102.jpg,MST2,,UNCLEAR_RESPONSE: ...
PXL_20220922_141158574.jpg,MST2,,UNCLEAR_RESPONSE: ...
PXL_20220922_141200118.jpg,MST2,,UNCLEAR_RESPONSE: ...
PXL_20220922_141205526.jpg,MST2,,UNCLEAR_RESPONSE: ...
PXL_20220922_141210919.jpg,MST2,,UNCLEAR_RESPONSE: ...
PXL_20220922_141212658.jpg,MST2,,UNCLEAR_RESPONSE: ...
PXL_20220922_141214067.jpg,MST2,,UNCLEAR_RESPONSE: ...
PXL_20220922_141207125.jpg,MST2,MST1,MST1
PXL_20220922_141215176.jpg,MST2,,UNCLEAR_RESPONSE: ...
PXL_20220922_144520738.jpg,MST2,------------,UNCLEAR_RESPONSE: ------------...
PXL_20220922_144522915.jpg,MST2,,UNCLEAR_RESPONSE: ...
PXL_20220922_144525051.jpg,MST2,,UNCLEAR_RESPONSE: ...
PXL_20220922_144612556.PORTRAIT.jpg,MST2,,UNCLEAR_RESPONSE: ...
PXL_20220922_144619340.PORTRAIT.jpg,MST2,,UNCLEAR_RESPONSE: ...
PXL_20220922_144620965.PORTRAIT.jpg,MST2,,UNCLEAR_RESPONSE: ...
PXL_20220922_144614653.PORTRAIT.jpg,MST2,MST2,MST2
PXL_20220922_144622637.PORTRAIT.jpg,MST2,,UNCLEAR_RESPONSE: ...
PXL_20220922_144624483.PORTRAIT.jpg,MST2,,UNCLEAR_RESPONSE: ...
PXL_20220922_144626615.PORTRAIT.jpg,MST2,,UNCLEAR_RESPONSE: ...
PXL_20220922_144629915.PORTRAIT.jpg,MST2,,UNCLEAR_RESPONSE: ...
PXL_20220922_144633196.PORTRAIT.jpg,MST2,,UNCLEAR_RESPONSE: ...
PXL_20220922_144639628.PORTRAIT.jpg,MST2,,UNCLEAR_RESPONSE: ...
PXL_20220922_144642875.PORTRAIT.jpg,MST2,,UNCLEAR_RESPONSE: ...
PXL_20220922_144635534.PORTRAIT.jpg,MST2,MST1,MST1
PXL_20220922_144646233.PORTRAIT.jpg,MST2,,UNCLEAR_RESPONSE: ...
PXL_20220922_144649856.PORTRAIT.jpg,MST2,--------------,UNCLEAR_RESPONSE: --------------...
PXL_20220922_144657086.PORTRAIT.jpg,MST2,,UNCLEAR_RESPONSE: ...
PXL_20220922_144653190.PORTRAIT.jpg,MST2,MST1,MST1
PXL_20220922_144659539.PORTRAIT.jpg,MST2,,UNCLEAR_RESPONSE: ...
PXL_20220922_131234792.jpg,MST3,,UNCLEAR_RESPONSE: ...
PXL_20220922_131237419.jpg,MST3,,UNCLEAR_RESPONSE: ...
PXL_20220922_131240323.jpg,MST3,,UNCLEAR_RESPONSE: ...
PXL_20220922_131243185.jpg,MST3,,UNCLEAR_RESPONSE: ...
PXL_20220922_131245640.jpg,MST3,,UNCLEAR_RESPONSE: ...
PXL_20220922_131405319.jpg,MST3,,UNCLEAR_RESPONSE: ...
PXL_20220922_131411507.jpg,MST3,,UNCLEAR_RESPONSE: ...
PXL_20220922_131414042.jpg,MST3,,UNCLEAR_RESPONSE: ...
PXL_20220922_131415896.jpg,MST3,,UNCLEAR_RESPONSE: ...
PXL_20220922_131417697.jpg,MST3,,UNCLEAR_RESPONSE: ...
PXL_20220922_131419682.jpg,MST3,,UNCLEAR_RESPONSE: ...
PXL_20220922_131720092.jpg,MST3,MST1,MST1
PXL_20220922_131722761.jpg,MST3,,UNCLEAR_RESPONSE: ...
PXL_20220922_131725930.jpg,MST3,?????,UNCLEAR_RESPONSE: ?????...
PXL_20220922_131728413.jpg,MST3,,UNCLEAR_RESPONSE: ...
PXL_20220922_131732383.jpg,MST3,,UNCLEAR_RESPONSE: ...
PXL_20220922_131730853.jpg,MST3,,UNCLEAR_RESPONSE: ...
PXL_20220922_131741571.jpg,MST3,,UNCLEAR_RESPONSE: ...
PXL_20220922_131739148.jpg,MST3,,UNCLEAR_RESPONSE: ...
PXL_20220922_131746430.jpg,MST3,?????,UNCLEAR_RESPONSE: ?????...
PXL_20220922_131806066.jpg,MST3,,UNCLEAR_RESPONSE: ...
PXL_20220922_131811784.jpg,MST3,,UNCLEAR_RESPONSE: ...
PXL_20220922_131743911.jpg,MST3,MST1,MST1
PXL_20220922_131814125.jpg,MST3,,UNCLEAR_RESPONSE: ...
PXL_20220922_131815761.jpg,MST3,,UNCLEAR_RESPONSE: ...
PXL_20220922_131817310.jpg,MST3,,UNCLEAR_RESPONSE: ...
PXL_20220922_131818892.jpg,MST3,,UNCLEAR_RESPONSE: ...
PXL_20220922_131829227.jpg,MST3,,UNCLEAR_RESPONSE: ...
PXL_20220922_131850751.PORTRAIT.jpg,MST3,,UNCLEAR_RESPONSE: ...
PXL_20220922_131844594.PORTRAIT.jpg,MST3,MST1,MST1
PXL_20220922_131857071.PORTRAIT.jpg,MST3,,UNCLEAR_RESPONSE: ...
PXL_20220922_131854614.PORTRAIT.jpg,MST3,MST2,MST2
PXL_20220922_131859247.PORTRAIT.jpg,MST3,MST1,MST1
PXL_20220922_131901514.PORTRAIT.jpg,MST3,,UNCLEAR_RESPONSE: ...
PXL_20220922_131951023.PORTRAIT.jpg,MST3,,UNCLEAR_RESPONSE: ...
PXL_20220922_131955423.PORTRAIT.jpg,MST3,,UNCLEAR_RESPONSE: ...
PXL_20220922_131958999.PORTRAIT.jpg,MST3,,UNCLEAR_RESPONSE: ...
PXL_20220922_132003063.PORTRAIT.jpg,MST3,,UNCLEAR_RESPONSE: ...
PXL_20220922_132008862.PORTRAIT.jpg,MST3,,UNCLEAR_RESPONSE: ...
PXL_20220922_132014529.PORTRAIT.jpg,MST3,,UNCLEAR_RESPONSE: ...
PXL_20220922_132016589.PORTRAIT.jpg,MST3,,UNCLEAR_RESPONSE: ...
PXL_20220922_132040123.PORTRAIT.jpg,MST3,,UNCLEAR_RESPONSE: ...
PXL_20220922_132046716.PORTRAIT.jpg,MST3,--------------,UNCLEAR_RESPONSE: --------------...
PXL_20220922_132042033.PORTRAIT.jpg,MST3,MST1,MST1
PXL_20220922_132048784.PORTRAIT.jpg,MST3,,UNCLEAR_RESPONSE: ...
PXL_20220922_132045066.PORTRAIT.jpg,MST3,MST1,MST1
PXL_20220922_132052576.PORTRAIT.jpg,MST3,,UNCLEAR_RESPONSE: ...
PXL_20220922_132118269.PORTRAIT.jpg,MST3,,UNCLEAR_RESPONSE: ...
PXL_20220922_132121109.PORTRAIT.jpg,MST3,,UNCLEAR_RESPONSE: ...
PXL_20220922_132125197.PORTRAIT.jpg,MST3,,UNCLEAR_RESPONSE: ...
PXL_20220922_132128162.PORTRAIT.jpg,MST3,,UNCLEAR_RESPONSE: ...
PXL_20220922_132123452.PORTRAIT.jpg,MST3,MST1,MST1
PXL_20220922_132845778.PORTRAIT.jpg,MST3,,UNCLEAR_RESPONSE: ...
PXL_20220922_134135978.jpg,MST3,,UNCLEAR_RESPONSE: ...
PXL_20220922_134137827.jpg,MST3,,UNCLEAR_RESPONSE: ...
PXL_20220922_134139865.jpg,MST3,,UNCLEAR_RESPONSE: ...
PXL_20220922_134141731.jpg,MST3,,UNCLEAR_RESPONSE: ...
PXL_20220922_134205505.jpg,MST3,,UNCLEAR_RESPONSE: ...
PXL_20220922_134203230.jpg,MST3,,UNCLEAR_RESPONSE: ...
PXL_20220922_134209190.jpg,MST3,,UNCLEAR_RESPONSE: ...
PXL_20220922_134339364.PORTRAIT.jpg,MST3,,UNCLEAR_RESPONSE: ...
PXL_20220922_134207466.jpg,MST3,MST1,MST1
PXL_20220922_134210937.jpg,MST3,MST1,MST1
PXL_20220922_134342333.PORTRAIT.jpg,MST3,,UNCLEAR_RESPONSE: ...
PXL_20220922_134346135.PORTRAIT.jpg,MST3,,UNCLEAR_RESPONSE: ...
PXL_20220922_134344367.PORTRAIT.jpg,MST3,MST1,MST1
PXL_20220922_134348505.PORTRAIT.jpg,MST3,,UNCLEAR_RESPONSE: ...
PXL_20220922_134350655.PORTRAIT.jpg,MST3,,UNCLEAR_RESPONSE: ...
PXL_20220922_134538984.PORTRAIT.jpg,MST4,!!!,UNCLEAR_RESPONSE: !!!...
PXL_20220922_135616775.jpg,MST4,,UNCLEAR_RESPONSE: ...
PXL_20220922_135618709.jpg,MST4,7,MST7
PXL_20220922_135619670.jpg,MST4,--------------,UNCLEAR_RESPONSE: --------------...
PXL_20220922_135621801.jpg,MST4,,UNCLEAR_RESPONSE: ...
PXL_20220922_135631351.jpg,MST4,,UNCLEAR_RESPONSE: ...
PXL_20220922_135636877.jpg,MST4,,UNCLEAR_RESPONSE: ...
PXL_20220922_135633307.jpg,MST4,MST1,MST1
PXL_20220922_135638177.jpg,MST4,,UNCLEAR_RESPONSE: ...
PXL_20220922_135639221.jpg,MST4,MST1,MST1
PXL_20220922_135640401.jpg,MST4,,UNCLEAR_RESPONSE: ...
PXL_20220922_135641645.jpg,MST4,,UNCLEAR_RESPONSE: ...
PXL_20220922_135747692.jpg,MST4,,UNCLEAR_RESPONSE: ...
PXL_20220922_135750066.jpg,MST4,,UNCLEAR_RESPONSE: ...
PXL_20220922_135751665.jpg,MST4,,UNCLEAR_RESPONSE: ...
PXL_20220922_135754722.jpg,MST4,,UNCLEAR_RESPONSE: ...
PXL_20220922_135753356.jpg,MST4,MST1,MST1
PXL_20220922_135802547.jpg,MST4,,UNCLEAR_RESPONSE: ...
PXL_20220922_135756305.jpg,MST4,,UNCLEAR_RESPONSE: ...
PXL_20220922_135804480.jpg,MST4,,UNCLEAR_RESPONSE: ...
PXL_20220922_135806296.jpg,MST4,,UNCLEAR_RESPONSE: ...
PXL_20220922_135808237.jpg,MST4,,UNCLEAR_RESPONSE: ...
PXL_20220922_135810329.jpg,MST4,,UNCLEAR_RESPONSE: ...
PXL_20220922_135908976.jpg,MST4,,UNCLEAR_RESPONSE: ...
PXL_20220922_135854746.jpg,MST4,MST2,MST2
PXL_20220922_135939416.jpg,MST4,1,MST1
PXL_20220922_135940569.jpg,MST4,,UNCLEAR_RESPONSE: ...
PXL_20220922_135943105.jpg,MST4,!!!,UNCLEAR_RESPONSE: !!!...
PXL_20220922_135944184.jpg,MST4,,UNCLEAR_RESPONSE: ...
PXL_20220922_135945608.jpg,MST4,,UNCLEAR_RESPONSE: ...
PXL_20220922_135941951.jpg,MST4,MST1,MST1
PXL_20220922_135947300.jpg,MST4,,UNCLEAR_RESPONSE: ...
PXL_20220922_135948831.jpg,MST4,,UNCLEAR_RESPONSE: ...
PXL_20220922_135959828.jpg,MST4,,UNCLEAR_RESPONSE: ...
PXL_20220922_140005843.jpg,MST4,,UNCLEAR_RESPONSE: ...
PXL_20220922_140019523.jpg,MST4,,UNCLEAR_RESPONSE: ...
PXL_20220922_140028838.jpg,MST4,,UNCLEAR_RESPONSE: ...
PXL_20220922_140027001.jpg,MST4,--------------,UNCLEAR_RESPONSE: --------------...
PXL_20220922_140007480.jpg,MST4,MST1,MST1
PXL_20220922_140036631.jpg,MST4,MST1,MST1
PXL_20220922_140041215.jpg,MST4,!!!,UNCLEAR_RESPONSE: !!!...
PXL_20220922_140043111.jpg,MST4,,UNCLEAR_RESPONSE: ...
PXL_20220922_140046379.jpg,MST4,,UNCLEAR_RESPONSE: ...
PXL_20220922_140047100.jpg,MST4,,UNCLEAR_RESPONSE: ...
PXL_20220922_140132005.jpg,MST4,,UNCLEAR_RESPONSE: ...
PXL_20220922_140048541.jpg,MST4,,UNCLEAR_RESPONSE: ...
PXL_20220922_140142694.jpg,MST4,,UNCLEAR_RESPONSE: ...
PXL_20220922_140133700.jpg,MST4,MST1,MST1
PXL_20220922_140145712.jpg,MST4,,UNCLEAR_RESPONSE: ...
PXL_20220922_140201615.jpg,MST4,,UNCLEAR_RESPONSE: ...
PXL_20220922_140203657.jpg,MST4,MST1,MST1
PXL_20220922_140207202.jpg,MST4,MST1,MST1
PXL_20220922_140209423.jpg,MST4,,UNCLEAR_RESPONSE: ...
PXL_20220922_140212750.jpg,MST4,,UNCLEAR_RESPONSE: ...
PXL_20220922_140205447.jpg,MST4,MST1,MST1
PXL_20220922_140214625.jpg,MST4,,UNCLEAR_RESPONSE: ...
PXL_20220922_140216573.jpg,MST4,MST1,MST1
PXL_20220922_140221214.jpg,MST4,MST1,MST1
PXL_20220922_140222578.jpg,MST4,,UNCLEAR_RESPONSE: ...
PXL_20220922_140315071.PORTRAIT.jpg,MST4,,UNCLEAR_RESPONSE: ...
PXL_20220922_140219442.jpg,MST4,MST1,MST1
PXL_20220922_140317135.PORTRAIT.jpg,MST4,,UNCLEAR_RESPONSE: ...
PXL_20220922_140320069.PORTRAIT.jpg,MST4,,UNCLEAR_RESPONSE: ...
PXL_20220922_140323802.PORTRAIT.jpg,MST4,,UNCLEAR_RESPONSE: ...
PXL_20220922_140322023.PORTRAIT.jpg,MST4,1,MST1
PXL_20220922_140335749.PORTRAIT.jpg,MST4,------------,UNCLEAR_RESPONSE: ------------...
PXL_20220922_140337825.PORTRAIT.jpg,MST4,,UNCLEAR_RESPONSE: ...
PXL_20220922_140339729.PORTRAIT.jpg,MST4,,UNCLEAR_RESPONSE: ...
PXL_20220922_140341531.PORTRAIT.jpg,MST4,,UNCLEAR_RESPONSE: ...
PXL_20220922_140342859.PORTRAIT.jpg,MST4,,UNCLEAR_RESPONSE: ...
PXL_20220922_140354824.PORTRAIT.jpg,MST4,,UNCLEAR_RESPONSE: ...
PXL_20220922_140352486.PORTRAIT.jpg,MST4,!!!,UNCLEAR_RESPONSE: !!!...
PXL_20220922_140348903.PORTRAIT.jpg,MST4,MST1,MST1
PXL_20220922_140350579.PORTRAIT.jpg,MST4,MST1,MST1
PXL_20220922_140358703.PORTRAIT.jpg,MST4,,UNCLEAR_RESPONSE: ...
PXL_20220922_140402500.PORTRAIT.jpg,MST4,,UNCLEAR_RESPONSE: ...
PXL_20220922_194351285.jpg,MST5,,UNCLEAR_RESPONSE: ...
PXL_20220922_194043213.PORTRAIT.jpg,MST5,,UNCLEAR_RESPONSE: ...
PXL_20220922_194353957.jpg,MST5,,UNCLEAR_RESPONSE: ...
PXL_20220922_194356378.jpg,MST5,,UNCLEAR_RESPONSE: ...
PXL_20220922_194357448.jpg,MST5,,UNCLEAR_RESPONSE: ...
PXL_20220922_194352302.jpg,MST5,MST1,MST1
PXL_20220922_194358507.jpg,MST5,,UNCLEAR_RESPONSE: ...
PXL_20220922_194359874.jpg,MST5,!!!,UNCLEAR_RESPONSE: !!!...
PXL_20220922_194400921.jpg,MST5,,UNCLEAR_RESPONSE: ...
PXL_20220922_194406571.jpg,MST5,,UNCLEAR_RESPONSE: ...
PXL_20220922_194407675.jpg,MST5,,UNCLEAR_RESPONSE: ...
PXL_20220922_194409241.jpg,MST5,,UNCLEAR_RESPONSE: ...
PXL_20220922_194410570.jpg,MST5,MST1,MST1
PXL_20220922_194411620.jpg,MST5,,UNCLEAR_RESPONSE: ...
PXL_20220922_194415718.jpg,MST5,,UNCLEAR_RESPONSE: ...
PXL_20220922_194416689.jpg,MST5,,UNCLEAR_RESPONSE: ...
PXL_20220922_194417606.jpg,MST5,,UNCLEAR_RESPONSE: ...
PXL_20220922_194419604.jpg,MST5,,UNCLEAR_RESPONSE: ...
PXL_20220922_194420621.jpg,MST5,,UNCLEAR_RESPONSE: ...
PXL_20220922_194545662.jpg,MST5,,UNCLEAR_RESPONSE: ...
PXL_20220922_194546635.jpg,MST5,,UNCLEAR_RESPONSE: ...
PXL_20220922_194544335.jpg,MST5,MST1,MST1
PXL_20220922_194548132.jpg,MST5,,UNCLEAR_RESPONSE: ...
PXL_20220922_194549170.jpg,MST5,,UNCLEAR_RESPONSE: ...
PXL_20220922_194553257.jpg,MST5,,UNCLEAR_RESPONSE: ...
PXL_20220922_194550829.jpg,MST5,MST1,MST1
PXL_20220922_194557410.jpg,MST5,,UNCLEAR_RESPONSE: ...
PXL_20220922_194552004.jpg,MST5,MST1,MST1
PXL_20220922_194554570.jpg,MST5,,UNCLEAR_RESPONSE: ...
PXL_20220922_194559610.jpg,MST5,,UNCLEAR_RESPONSE: ...
PXL_20220922_194558533.jpg,MST5,MST1,MST1
PXL_20220922_194602207.jpg,MST5,,UNCLEAR_RESPONSE: ...
PXL_20220922_194605555.jpg,MST5,,UNCLEAR_RESPONSE: ...
PXL_20220922_194600792.jpg,MST5,MST1,MST1
PXL_20220922_194606938.jpg,MST5,,UNCLEAR_RESPONSE: ...
PXL_20220922_194608256.jpg,MST5,,UNCLEAR_RESPONSE: ...
PXL_20220922_194656564.jpg,MST5,,UNCLEAR_RESPONSE: ...
PXL_20220922_194659198.jpg,MST5,,UNCLEAR_RESPONSE: ...
PXL_20220922_194609641.jpg,MST5,*******************,UNCLEAR_RESPONSE: *******************...
PXL_20220922_194700623.jpg,MST5,,UNCLEAR_RESPONSE: ...
PXL_20220922_194702025.jpg,MST5,,UNCLEAR_RESPONSE: ...
PXL_20220922_194703609.jpg,MST5,,UNCLEAR_RESPONSE: ...
PXL_20220922_194707277.jpg,MST5,,UNCLEAR_RESPONSE: ...
PXL_20220922_194708639.jpg,MST5,,UNCLEAR_RESPONSE: ...
PXL_20220922_194709702.jpg,MST5,,UNCLEAR_RESPONSE: ...
PXL_20220922_194704597.jpg,MST5,MST1,MST1
PXL_20220922_194710700.jpg,MST5,,UNCLEAR_RESPONSE: ...
PXL_20220922_194806383.jpg,MST5,,UNCLEAR_RESPONSE: ...
PXL_20220922_194808967.jpg,MST5,,UNCLEAR_RESPONSE: ...
PXL_20220922_194711771.jpg,MST5,!!! MST1,MST1
PXL_20220922_194810135.jpg,MST5,,UNCLEAR_RESPONSE: ...
PXL_20220922_194811186.jpg,MST5,,UNCLEAR_RESPONSE: ...
PXL_20220922_194813421.jpg,MST5,MST1,MST1
PXL_20220922_194812320.jpg,MST5,MST1,MST1
PXL_20220922_194815935.jpg,MST5,,UNCLEAR_RESPONSE: ...
PXL_20220922_194826234.jpg,MST5,,UNCLEAR_RESPONSE: ...
PXL_20220922_194827634.jpg,MST5,,UNCLEAR_RESPONSE: ...
PXL_20220922_194830538.jpg,MST5,,UNCLEAR_RESPONSE: ...
PXL_20220922_194828973.jpg,MST5,,UNCLEAR_RESPONSE: ...
PXL_20220922_194832008.jpg,MST5,,UNCLEAR_RESPONSE: ...
PXL_20220922_194833505.jpg,MST5,,UNCLEAR_RESPONSE: ...
PXL_20220922_194837193.jpg,MST5,,UNCLEAR_RESPONSE: ...
PXL_20220922_194838596.jpg,MST5,,UNCLEAR_RESPONSE: ...
PXL_20220922_194839785.jpg,MST5,--------------,UNCLEAR_RESPONSE: --------------...
PXL_20220922_195125067.jpg,MST5,,UNCLEAR_RESPONSE: ...
PXL_20220922_194835814.jpg,MST5,число 1,MST1
PXL_20220922_195126587.jpg,MST5,,UNCLEAR_RESPONSE: ...
PXL_20220922_195127905.jpg,MST5,MST1,MST1
PXL_20220922_195129205.jpg,MST5,,UNCLEAR_RESPONSE: ...
PXL_20220922_195130376.jpg,MST5,,UNCLEAR_RESPONSE: ...
PXL_20220922_195132751.jpg,MST5,,UNCLEAR_RESPONSE: ...
PXL_20220922_195134260.jpg,MST5,,UNCLEAR_RESPONSE: ...
PXL_20220922_195135662.jpg,MST5,,UNCLEAR_RESPONSE: ...
PXL_20220922_195136954.jpg,MST5,,UNCLEAR_RESPONSE: ...
PXL_20220922_195137966.jpg,MST5,,UNCLEAR_RESPONSE: ...
PXL_20220922_160828334.jpg,MST6,,UNCLEAR_RESPONSE: ...
PXL_20220922_195139258.jpg,MST5,,UNCLEAR_RESPONSE: ...
PXL_20220922_160830151.jpg,MST6,,UNCLEAR_RESPONSE: ...
PXL_20220922_160831990.jpg,MST6,,UNCLEAR_RESPONSE: ...
PXL_20220922_160833805.jpg,MST6,,UNCLEAR_RESPONSE: ...
PXL_20220922_160838411.jpg,MST6,,UNCLEAR_RESPONSE: ...
PXL_20220922_160836485.jpg,MST6,MST1,MST1
PXL_20220922_160840133.jpg,MST6,,UNCLEAR_RESPONSE: ...
PXL_20220922_160841972.jpg,MST6,,UNCLEAR_RESPONSE: ...
PXL_20220922_160844411.jpg,MST6,,UNCLEAR_RESPONSE: ...
PXL_20220922_160846747.jpg,MST6,!!!,UNCLEAR_RESPONSE: !!!...
PXL_20220922_160848297.jpg,MST6,,UNCLEAR_RESPONSE: ...
PXL_20220922_160850108.jpg,MST6,,UNCLEAR_RESPONSE: ...
PXL_20220922_160851591.jpg,MST6,????,UNCLEAR_RESPONSE: ????...
PXL_20220922_160944429.jpg,MST6,,UNCLEAR_RESPONSE: ...
PXL_20220922_160853301.jpg,MST6,MST1,MST1
PXL_20220922_160946047.jpg,MST6,,UNCLEAR_RESPONSE: ...
PXL_20220922_160947788.jpg,MST6,,UNCLEAR_RESPONSE: ...
PXL_20220922_160950182.jpg,MST6,,UNCLEAR_RESPONSE: ...
PXL_20220922_160954446.jpg,MST6,,UNCLEAR_RESPONSE: ...
PXL_20220922_160952357.jpg,MST6,,UNCLEAR_RESPONSE: ...
PXL_20220922_160957926.jpg,MST6,,UNCLEAR_RESPONSE: ...
PXL_20220922_160955996.jpg,MST6,MST1,MST1
PXL_20220922_161002163.jpg,MST6,,UNCLEAR_RESPONSE: ...
PXL_20220922_161000077.jpg,MST6,,UNCLEAR_RESPONSE: ...
PXL_20220922_161004335.jpg,MST6,,UNCLEAR_RESPONSE: ...
PXL_20220922_161006903.jpg,MST6,,UNCLEAR_RESPONSE: ...
PXL_20220922_161010913.jpg,MST6,,UNCLEAR_RESPONSE: ...
PXL_20220922_161017221.jpg,MST6,,UNCLEAR_RESPONSE: ...
PXL_20220922_161012849.jpg,MST6,--------------,UNCLEAR_RESPONSE: --------------...
PXL_20220922_161009091.jpg,MST6,MST1,MST1
PXL_20220922_161018788.jpg,MST6,,UNCLEAR_RESPONSE: ...
PXL_20220922_161020616.jpg,MST6,MST1,MST1
PXL_20220922_161022255.jpg,MST6,2,MST2
PXL_20220922_161024329.jpg,MST6,MST1,MST1
PXL_20220922_161107253.PORTRAIT.jpg,MST6,MST1,MST1
PXL_20220922_161110618.PORTRAIT.jpg,MST6,,UNCLEAR_RESPONSE: ...
PXL_20220922_161113043.PORTRAIT.jpg,MST6,,UNCLEAR_RESPONSE: ...
PXL_20220922_161116525.PORTRAIT.jpg,MST6,,UNCLEAR_RESPONSE: ...
PXL_20220922_161114689.PORTRAIT.jpg,MST6,MST1,MST1
PXL_20220922_161122593.PORTRAIT.jpg,MST6,,UNCLEAR_RESPONSE: ...
PXL_20220922_161120533.PORTRAIT.jpg,MST6,,UNCLEAR_RESPONSE: ...
PXL_20220922_161124015.PORTRAIT.jpg,MST6,,UNCLEAR_RESPONSE: ...
PXL_20220922_161125999.PORTRAIT.jpg,MST6,,UNCLEAR_RESPONSE: ...
PXL_20220922_161127301.PORTRAIT.jpg,MST6,,UNCLEAR_RESPONSE: ...
PXL_20220922_161143087.PORTRAIT.jpg,MST6,,UNCLEAR_RESPONSE: ...
PXL_20220922_161146768.PORTRAIT.jpg,MST6,,UNCLEAR_RESPONSE: ...
PXL_20220922_161148471.PORTRAIT.jpg,MST6,,UNCLEAR_RESPONSE: ...
PXL_20220922_161159845.PORTRAIT.jpg,MST6,,UNCLEAR_RESPONSE: ...
PXL_20220922_161144902.PORTRAIT.jpg,MST6,MST1,MST1
PXL_20220922_161201504.PORTRAIT.jpg,MST6,,UNCLEAR_RESPONSE: ...
PXL_20220922_161203118.PORTRAIT.jpg,MST6,,UNCLEAR_RESPONSE: ...
PXL_20220922_161205171.PORTRAIT.jpg,MST6,,UNCLEAR_RESPONSE: ...
PXL_20220922_161206594.PORTRAIT.jpg,MST6,,UNCLEAR_RESPONSE: ...
PXL_20220922_161228720.PORTRAIT.jpg,MST6,,UNCLEAR_RESPONSE: ...
PXL_20220922_161234429.PORTRAIT.jpg,MST6,MST1,MST1
PXL_20220922_161232127.PORTRAIT.jpg,MST6,MST9,MST9
PXL_20220922_161436829.jpg,MST6,,UNCLEAR_RESPONSE: ...
PXL_20220922_161438508.jpg,MST6,,UNCLEAR_RESPONSE: ...
PXL_20220922_161441452.jpg,MST6,,UNCLEAR_RESPONSE: ...
PXL_20220922_161440072.jpg,MST6,3,MST3
PXL_20220922_161443026.jpg,MST6,!!!,UNCLEAR_RESPONSE: !!!...
PXL_20220922_161445106.jpg,MST6,--------------,UNCLEAR_RESPONSE: --------------...
PXL_20220922_161446941.jpg,MST6,????,UNCLEAR_RESPONSE: ????...
PXL_20220922_161448539.jpg,MST6,,UNCLEAR_RESPONSE: ...
PXL_20220922_161450027.jpg,MST6,,UNCLEAR_RESPONSE: ...
PXL_20220922_161451316.jpg,MST6,,UNCLEAR_RESPONSE: ...
PXL_20220922_161604105.jpg,MST6,,UNCLEAR_RESPONSE: ...
PXL_20220922_161606038.jpg,MST6,------------,UNCLEAR_RESPONSE: ------------...
PXL_20220922_161607524.jpg,MST6,,UNCLEAR_RESPONSE: ...
PXL_20220922_161609136.jpg,MST6,,UNCLEAR_RESPONSE: ...
PXL_20220922_161615579.jpg,MST6,,UNCLEAR_RESPONSE: ...
PXL_20220922_161610729.jpg,MST6,1,MST1
PXL_20220922_161616836.jpg,MST6,,UNCLEAR_RESPONSE: ...
PXL_20220922_161618401.jpg,MST6,,UNCLEAR_RESPONSE: ...
PXL_20220922_161619819.jpg,MST6,,UNCLEAR_RESPONSE: ...
PXL_20220922_142413482.jpg,MST7,,UNCLEAR_RESPONSE: ...
PXL_20220922_161621027.jpg,MST6,MST1,MST1
PXL_20220922_142415780.jpg,MST7,,UNCLEAR_RESPONSE: ...
PXL_20220922_142417398.jpg,MST7,,UNCLEAR_RESPONSE: ...
PXL_20220922_142420818.jpg,MST7,,UNCLEAR_RESPONSE: ...
PXL_20220922_142418877.jpg,MST7,,UNCLEAR_RESPONSE: ...
PXL_20220922_142514092.PORTRAIT.jpg,MST7,,UNCLEAR_RESPONSE: ...
PXL_20220922_142517538.PORTRAIT.jpg,MST7,,UNCLEAR_RESPONSE: ...
PXL_20220922_142520700.PORTRAIT.jpg,MST7,,UNCLEAR_RESPONSE: ...
PXL_20220922_142523136.PORTRAIT.jpg,MST7,,UNCLEAR_RESPONSE: ...
PXL_20220922_142527736.PORTRAIT.jpg,MST7,,UNCLEAR_RESPONSE: ...
PXL_20220922_142535244.PORTRAIT.jpg,MST7,,UNCLEAR_RESPONSE: ...
PXL_20220922_142525560.PORTRAIT.jpg,MST7,MST1,MST1
PXL_20220922_142537968.PORTRAIT.jpg,MST7,,UNCLEAR_RESPONSE: ...
PXL_20220922_142529483.PORTRAIT.jpg,MST7,MST3,MST3
PXL_20220922_142543353.PORTRAIT.jpg,MST7,,UNCLEAR_RESPONSE: ...
PXL_20220922_142548472.PORTRAIT.jpg,MST7,,UNCLEAR_RESPONSE: ...
PXL_20220922_142545872.PORTRAIT.jpg,MST7,,UNCLEAR_RESPONSE: ...
PXL_20220922_142550791.PORTRAIT.jpg,MST7,,UNCLEAR_RESPONSE: ...
PXL_20220922_142553004.PORTRAIT.jpg,MST7,-------------,UNCLEAR_RESPONSE: -------------...
PXL_20220922_142600816.PORTRAIT.jpg,MST7,,UNCLEAR_RESPONSE: ...
PXL_20220922_142608903.PORTRAIT.jpg,MST7,,UNCLEAR_RESPONSE: ...
PXL_20220922_142612462.PORTRAIT.jpg,MST7,,UNCLEAR_RESPONSE: ...
PXL_20220922_142614750.PORTRAIT.jpg,MST7,MST1,MST1
PXL_20220922_142917997.jpg,MST7,,UNCLEAR_RESPONSE: ...
PXL_20220922_142921035.jpg,MST7,,UNCLEAR_RESPONSE: ...
PXL_20220922_142931006.jpg,MST7,,UNCLEAR_RESPONSE: ...
PXL_20220922_142933626.jpg,MST7,,UNCLEAR_RESPONSE: ...
PXL_20220922_142934607.jpg,MST7,,UNCLEAR_RESPONSE: ...
PXL_20220922_142936265.jpg,MST7,,UNCLEAR_RESPONSE: ...
PXL_20220922_142939817.jpg,MST7,,UNCLEAR_RESPONSE: ...
PXL_20220922_142944757.jpg,MST7,,UNCLEAR_RESPONSE: ...
PXL_20220922_142940931.jpg,MST7,MST1,MST1
PXL_20220922_142945886.jpg,MST7,,UNCLEAR_RESPONSE: ...
PXL_20220922_142951972.jpg,MST7,!!!,UNCLEAR_RESPONSE: !!!...
PXL_20220922_142949592.jpg,MST7,MST1,MST1
PXL_20220922_142957675.jpg,MST7,,UNCLEAR_RESPONSE: ...
PXL_20220922_142954990.jpg,MST7,MST1,MST1
PXL_20220922_143002045.jpg,MST7,,UNCLEAR_RESPONSE: ...
PXL_20220922_142606244.PORTRAIT.jpg,MST7,"?""MST1"", ""MST2"", ""MST3"", ""MST4"", ""MST5"", ""MST6"", ""MST7"", ""MST8"", ""MST9"", ""MST10""",MST1
PXL_20220922_143004581.jpg,MST7,,UNCLEAR_RESPONSE: ...
PXL_20220922_143005748.jpg,MST7,,UNCLEAR_RESPONSE: ...
PXL_20220922_143007783.jpg,MST7,,UNCLEAR_RESPONSE: ...
PXL_20220922_143012499.jpg,MST7,,UNCLEAR_RESPONSE: ...
PXL_20220922_143043606.PORTRAIT.jpg,MST7,,UNCLEAR_RESPONSE: ...
PXL_20220922_143049258.PORTRAIT.jpg,MST7,MST1,MST1
PXL_20220922_143052145.PORTRAIT.jpg,MST7,MST1,MST1
PXL_20220922_143059150.PORTRAIT.jpg,MST7,MST1,MST1
PXL_20220922_143056845.PORTRAIT.jpg,MST7,,UNCLEAR_RESPONSE: ...
PXL_20220922_143053867.PORTRAIT.jpg,MST7,,UNCLEAR_RESPONSE: ...
PXL_20220922_143101662.PORTRAIT.jpg,MST7,,UNCLEAR_RESPONSE: ...
PXL_20220922_143103818.PORTRAIT.jpg,MST7,,UNCLEAR_RESPONSE: ...
PXL_20220922_143104500.PORTRAIT.jpg,MST7,,UNCLEAR_RESPONSE: ...
PXL_20220922_143105119.PORTRAIT.jpg,MST7,,UNCLEAR_RESPONSE: ...
PXL_20220922_143110403.PORTRAIT.jpg,MST7,,UNCLEAR_RESPONSE: ...
PXL_20220922_143120425.PORTRAIT.jpg,MST7,,UNCLEAR_RESPONSE: ...
PXL_20220922_143106968.PORTRAIT.jpg,MST7,MST1,MST1
PXL_20220922_143113267.PORTRAIT.jpg,MST7,MST1,MST1
PXL_20220922_143123699.PORTRAIT.jpg,MST7,MST1,MST1
PXL_20220922_143125596.PORTRAIT.jpg,MST7,,UNCLEAR_RESPONSE: ...
PXL_20220922_143127979.PORTRAIT.jpg,MST7,,UNCLEAR_RESPONSE: ...
PXL_20220922_143131100.PORTRAIT.jpg,MST7,,UNCLEAR_RESPONSE: ...
PXL_20220922_143135399.PORTRAIT.jpg,MST7,,UNCLEAR_RESPONSE: ...
PXL_20220922_143139165.PORTRAIT.jpg,MST7,,UNCLEAR_RESPONSE: ...
PXL_20220922_143230097.jpg,MST7,,UNCLEAR_RESPONSE: ...
PXL_20220922_143235452.jpg,MST7,,UNCLEAR_RESPONSE: ...
PXL_20220922_143231854.jpg,MST7,!!!,UNCLEAR_RESPONSE: !!!...
PXL_20220922_143233403.jpg,MST7,!!!,UNCLEAR_RESPONSE: !!!...
PXL_20220922_143237153.jpg,MST7,,UNCLEAR_RESPONSE: ...
PXL_20220922_143240755.jpg,MST7,--------------,UNCLEAR_RESPONSE: --------------...
PXL_20220922_143242506.jpg,MST7,,UNCLEAR_RESPONSE: ...
PXL_20220922_143243853.jpg,MST7,,UNCLEAR_RESPONSE: ...
PXL_20220922_143245407.jpg,MST7,,UNCLEAR_RESPONSE: ...
PXL_20220922_143253414.jpg,MST7,,UNCLEAR_RESPONSE: ...
PXL_20220922_143254787.jpg,MST7,,UNCLEAR_RESPONSE: ...
PXL_20220922_143251719.jpg,MST7,***************,UNCLEAR_RESPONSE: ***************...
PXL_20220922_143246772.jpg,MST7,MST1,MST1
PXL_20220922_173755660.jpg,MST8,,UNCLEAR_RESPONSE: ...
PXL_20220922_173759197.jpg,MST8,,UNCLEAR_RESPONSE: ...
PXL_20220922_173910224.jpg,MST8,--------------,UNCLEAR_RESPONSE: --------------...
PXL_20220922_173912083.jpg,MST8,,UNCLEAR_RESPONSE: ...
PXL_20220922_173757254.jpg,MST8,MST1,MST1
PXL_20220922_173914227.jpg,MST8,,UNCLEAR_RESPONSE: ...
PXL_20220922_173916878.jpg,MST8,!!! MST1,MST1
PXL_20220922_173918548.jpg,MST8,,UNCLEAR_RESPONSE: ...
PXL_20220922_173921134.jpg,MST8,,UNCLEAR_RESPONSE: ...
PXL_20220922_173924672.jpg,MST8,!!!,UNCLEAR_RESPONSE: !!!...
PXL_20220922_173926742.jpg,MST8,,UNCLEAR_RESPONSE: ...
PXL_20220922_173932021.jpg,MST8,,UNCLEAR_RESPONSE: ...
PXL_20220922_173929968.jpg,MST8,MST3,MST3
PXL_20220922_173936123.jpg,MST8,,UNCLEAR_RESPONSE: ...
PXL_20220922_185129290.jpg,MST8,,UNCLEAR_RESPONSE: ...
PXL_20220922_185122947.jpg,MST8,,UNCLEAR_RESPONSE: ...
PXL_20220922_185135767.jpg,MST8,,UNCLEAR_RESPONSE: ...
PXL_20220922_185133020.jpg,MST8,1,MST1
PXL_20220922_185138091.jpg,MST8,,UNCLEAR_RESPONSE: ...
PXL_20220922_185139946.jpg,MST8,,UNCLEAR_RESPONSE: ...
PXL_20220922_185144400.jpg,MST8,,UNCLEAR_RESPONSE: ...
PXL_20220922_185158900.jpg,MST8,,UNCLEAR_RESPONSE: ...
PXL_20220922_185201154.jpg,MST8,,UNCLEAR_RESPONSE: ...
PXL_20220922_185202869.jpg,MST8,4,MST4
PXL_20220922_185224507.jpg,MST8,,UNCLEAR_RESPONSE: ...
PXL_20220922_185242494.jpg,MST8,,UNCLEAR_RESPONSE: ...
PXL_20220922_185204671.jpg,MST8,MST1,MST1
PXL_20220922_185206022.jpg,MST8,MST1,MST1
PXL_20220922_185244102.jpg,MST8,1,MST1
PXL_20220922_185246916.jpg,MST8,,UNCLEAR_RESPONSE: ...
PXL_20220922_185245527.jpg,MST8,MST1,MST1
PXL_20220922_185248297.jpg,MST8,,UNCLEAR_RESPONSE: ...
PXL_20220922_185309607.PORTRAIT.jpg,MST8,,UNCLEAR_RESPONSE: ...
PXL_20220922_185311564.PORTRAIT.jpg,MST8,,UNCLEAR_RESPONSE: ...
PXL_20220922_185313189.PORTRAIT.jpg,MST8,,UNCLEAR_RESPONSE: ...
PXL_20220922_185314924.PORTRAIT.jpg,MST8,,UNCLEAR_RESPONSE: ...
PXL_20220922_185358150.PORTRAIT.jpg,MST8,,UNCLEAR_RESPONSE: ...
PXL_20220922_185316365.PORTRAIT.jpg,MST8,MST1,MST1
PXL_20220922_185401468.PORTRAIT.jpg,MST8,7,MST7
PXL_20220922_185359690.PORTRAIT.jpg,MST8,~~MST1~~,MST1
PXL_20220922_185403014.PORTRAIT.jpg,MST8,,UNCLEAR_RESPONSE: ...
PXL_20220922_185404798.PORTRAIT.jpg,MST8,,UNCLEAR_RESPONSE: ...
PXL_20220922_185415142.PORTRAIT.jpg,MST8,,UNCLEAR_RESPONSE: ...
PXL_20220922_185416595.PORTRAIT.jpg,MST8,,UNCLEAR_RESPONSE: ...
PXL_20220922_185410258.PORTRAIT.jpg,MST8,MST1,MST1
PXL_20220922_185419849.PORTRAIT.jpg,MST8,MST1,MST1
PXL_20220922_185418367.PORTRAIT.jpg,MST8,,UNCLEAR_RESPONSE: ...
PXL_20220922_185442196.jpg,MST8,,UNCLEAR_RESPONSE: ...
PXL_20220922_185456930.jpg,MST8,!!!,UNCLEAR_RESPONSE: !!!...
PXL_20220922_185504598.jpg,MST8,!!!,UNCLEAR_RESPONSE: !!!...
PXL_20220922_185440334.jpg,MST8,MST1,MST1
PXL_20220922_185505997.jpg,MST8,MST1,MST1
PXL_20220922_185507420.jpg,MST8,,UNCLEAR_RESPONSE: ...
PXL_20220922_185510279.jpg,MST8,,UNCLEAR_RESPONSE: ...
PXL_20220922_185514681.jpg,MST8,,UNCLEAR_RESPONSE: ...
PXL_20220922_185652542.jpg,MST8,,UNCLEAR_RESPONSE: ...
PXL_20220922_185512817.jpg,MST8,MST1,MST1
PXL_20220922_185651168.jpg,MST8,,UNCLEAR_RESPONSE: ...
PXL_20220922_185655701.jpg,MST8,,UNCLEAR_RESPONSE: ...
PXL_20220922_185657391.jpg,MST8,,UNCLEAR_RESPONSE: ...
PXL_20220922_185654282.jpg,MST8,MST1,MST1
PXL_20220922_185700581.jpg,MST8,,UNCLEAR_RESPONSE: ...
PXL_20220922_185702103.jpg,MST8,,UNCLEAR_RESPONSE: ...
PXL_20220922_185703775.jpg,MST8,,UNCLEAR_RESPONSE: ...
PXL_20220922_185659098.jpg,MST8,MST1,MST1
PXL_20220922_185705214.jpg,MST8,,UNCLEAR_RESPONSE: ...
PXL_20220922_185800557.jpg,MST8,,UNCLEAR_RESPONSE: ...
PXL_20220922_185754281.jpg,MST8,MST1,MST1
PXL_20220922_185757301.jpg,MST8,MST1,MST1
PXL_20220922_185812471.jpg,MST8,,UNCLEAR_RESPONSE: ...
PXL_20220922_185804157.jpg,MST8,erythganan,UNCLEAR_RESPONSE: erythganan...
PXL_20220922_185819102.jpg,MST8,,UNCLEAR_RESPONSE: ...
PXL_20220922_185825103.jpg,MST8,,UNCLEAR_RESPONSE: ...
PXL_20220922_185822260.jpg,MST8,!!!,UNCLEAR_RESPONSE: !!!...
PXL_20220922_185814512.jpg,MST8,MST1,MST1
PXL_20220922_185827818.jpg,MST8,,UNCLEAR_RESPONSE: ...
PXL_20220922_162404766.jpg,MST9,,UNCLEAR_RESPONSE: ...
PXL_20220922_162407706.jpg,MST9,,UNCLEAR_RESPONSE: ...
PXL_20220922_162419201.jpg,MST9,,UNCLEAR_RESPONSE: ...
PXL_20220922_162406276.jpg,MST9,MST2,MST2
PXL_20220922_162417511.jpg,MST9,,UNCLEAR_RESPONSE: ...
PXL_20220922_162409257.jpg,MST9,MSTX,UNCLEAR_RESPONSE: MSTX...
PXL_20220922_162421385.jpg,MST9,,UNCLEAR_RESPONSE: ...
PXL_20220922_162424266.jpg,MST9,,UNCLEAR_RESPONSE: ...
PXL_20220922_162427303.jpg,MST9,,UNCLEAR_RESPONSE: ...
PXL_20220922_162425765.jpg,MST9,--------------,UNCLEAR_RESPONSE: --------------...
PXL_20220922_162429314.jpg,MST9,,UNCLEAR_RESPONSE: ...
PXL_20220922_162431213.jpg,MST9,,UNCLEAR_RESPONSE: ...
PXL_20220922_195423628.jpg,MST9,,UNCLEAR_RESPONSE: ...
PXL_20220922_195427510.jpg,MST9,,UNCLEAR_RESPONSE: ...
PXL_20220922_195430381.jpg,MST9,,UNCLEAR_RESPONSE: ...
PXL_20220922_195425593.jpg,MST9,MST1,MST1
PXL_20220922_195435930.jpg,MST9,,UNCLEAR_RESPONSE: ...
PXL_20220922_195431981.jpg,MST9,,UNCLEAR_RESPONSE: ...
PXL_20220922_195437698.jpg,MST9,,UNCLEAR_RESPONSE: ...
PXL_20220922_195439181.jpg,MST9,,UNCLEAR_RESPONSE: ...
PXL_20220922_195441067.jpg,MST9,,UNCLEAR_RESPONSE: ...
PXL_20220922_195442715.jpg,MST9,,UNCLEAR_RESPONSE: ...
PXL_20220922_195448989.jpg,MST9,,UNCLEAR_RESPONSE: ...
PXL_20220922_195450706.jpg,MST9,,UNCLEAR_RESPONSE: ...
PXL_20220922_195452476.jpg,MST9,,UNCLEAR_RESPONSE: ...
PXL_20220922_195447140.jpg,MST9,MST1,MST1
PXL_20220922_195501347.jpg,MST9,,UNCLEAR_RESPONSE: ...
PXL_20220922_195503218.jpg,MST9,,UNCLEAR_RESPONSE: ...
PXL_20220922_195454157.jpg,MST9,MST1,MST1
PXL_20220922_195459564.jpg,MST9,,UNCLEAR_RESPONSE: ...
PXL_20220922_195504855.jpg,MST9,,UNCLEAR_RESPONSE: ...
PXL_20220922_195506633.jpg,MST9,,UNCLEAR_RESPONSE: ...
PXL_20220922_195637346.jpg,MST9,,UNCLEAR_RESPONSE: ...
PXL_20220922_195656401.jpg,MST9,,UNCLEAR_RESPONSE: ...
PXL_20220922_195700279.jpg,MST9,,UNCLEAR_RESPONSE: ...
PXL_20220922_195707349.jpg,MST9,,UNCLEAR_RESPONSE: ...
PXL_20220922_195714210.jpg,MST9,,UNCLEAR_RESPONSE: ...
PXL_20220922_195703427.jpg,MST9,MST1,MST1
PXL_20220922_195711268.jpg,MST9,MST1,MST1
PXL_20220922_195717119.jpg,MST9,!!!,UNCLEAR_RESPONSE: !!!...
PXL_20220922_195719843.jpg,MST9,,UNCLEAR_RESPONSE: ...
PXL_20220922_195722247.jpg,MST9,,UNCLEAR_RESPONSE: ...
PXL_20220922_195729264.jpg,MST9,,UNCLEAR_RESPONSE: ...
PXL_20220922_195732251.jpg,MST9,,UNCLEAR_RESPONSE: ...
PXL_20220922_195725795.jpg,MST9,MST1,MST1
PXL_20220922_195735806.jpg,MST9,MST1,MST1
PXL_20220922_195832291.jpg,MST9,,UNCLEAR_RESPONSE: ...
PXL_20220922_195834782.jpg,MST9,,UNCLEAR_RESPONSE: ...
PXL_20220922_195829652.jpg,MST9,MST2,MST2
PXL_20220922_195836856.jpg,MST9,,UNCLEAR_RESPONSE: ...
PXL_20220922_195838924.jpg,MST9,,UNCLEAR_RESPONSE: ...
PXL_20220922_195944058.jpg,MST9,,UNCLEAR_RESPONSE: ...
PXL_20220922_195946651.jpg,MST9,,UNCLEAR_RESPONSE: ...
PXL_20220922_195956509.jpg,MST9,,UNCLEAR_RESPONSE: ...
PXL_20220922_195950116.jpg,MST9,MST1,MST1
PXL_20220922_195953468.jpg,MST9,MST1,MST1
PXL_20220922_200000614.jpg,MST9,MST1,MST1
PXL_20220922_200003963.jpg,MST9,,UNCLEAR_RESPONSE: ...
PXL_20220922_200007119.jpg,MST9,,UNCLEAR_RESPONSE: ...
PXL_20220922_200010788.jpg,MST9,,UNCLEAR_RESPONSE: ...
PXL_20220922_200017828.jpg,MST9,,UNCLEAR_RESPONSE: ...
PXL_20220922_200020824.jpg,MST9,,UNCLEAR_RESPONSE: ...
PXL_20220922_200023959.jpg,MST9,,UNCLEAR_RESPONSE: ...
PXL_20220922_200141244.jpg,MST9,,UNCLEAR_RESPONSE: ...
PXL_20220922_200142910.jpg,MST9,,UNCLEAR_RESPONSE: ...
PXL_20220922_200027198.jpg,MST9,MST1,MST1
PXL_20220922_200138910.jpg,MST9,MST1,MST1
PXL_20220922_200144842.jpg,MST9,MST1,MST1
PXL_20220922_200146545.jpg,MST9,,UNCLEAR_RESPONSE: ...
PXL_20220922_200152527.jpg,MST9,,UNCLEAR_RESPONSE: ...
PXL_20220922_200207745.jpg,MST9,,UNCLEAR_RESPONSE: ...
PXL_20220922_200209234.jpg,MST9,,UNCLEAR_RESPONSE: ...
PXL_20220922_200205248.jpg,MST9,MST1,MST1
PXL_20220922_200206611.jpg,MST9,MST1,MST1
PXL_20220922_200211159.jpg,MST9,,UNCLEAR_RESPONSE: ...
PXL_20220922_200213044.jpg,MST9,,UNCLEAR_RESPONSE: ...
